event_id,timestamp,source,device_id,user_id,event_type,value,status,location
1000,2026-04-08 10:00:00,api,dev_696,user_14,click,835,success,Chennai
1001,2026-04-08 10:00:02,web,dev_603,user_9,click,329,failed,Hyderabad
1002,2026-04-08 10:00:04,mobile,dev_254,user_45,login,628,success,Delhi
1003,2026-04-08 10:00:06,mobile,dev_527,user_70,click,383,success,Chennai
1004,2026-04-08 10:00:08,api,dev_395,user_67,purchase,752,failed,Hyderabad
1005,,api,dev_253,user_90,purchase,610,failed,Hyderabad
1006,2026-04-08 10:00:12,api,dev_214,user_13,click,266,failed,Delhi
1007,2026-04-08 10:00:14,mobile,dev_956,user_25,click,1,success,Bangalore
1008,2026-04-08 10:00:16,api,dev_429,user_63,purchase,792,success,Chennai
1009,2026-04-08 10:00:18,mobile,dev_629,user_24,logout,804,success,Delhi
1010,2026-04-08 10:00:20,web,dev_702,user_14,login,abc,failed,Hyderabad
1011,2026-04-08 10:00:22,api,dev_631,user_2,click,304,success,Mumbai
1012,2026-04-08 10:00:24,web,dev_787,user_15,login,493,success,Bangalore
1013,2026-04-08 10:00:26,mobile,dev_213,user_20,click,944,failed,Chennai
1014,2026-04-08 10:00:28,web,dev_422,user_45,login,360,failed,Bangalore
1015,2026-04-08 10:00:30,api,dev_329,user_48,click,574,success,Mumbai
1016,2026-04-08 10:00:32,web,dev_852,user_46,click,756,failed,Bangalore
1017,2026-04-08 10:00:34,mobile,dev_150,user_48,purchase,646,success,Bangalore
1018,2026-04-08 10:00:36,mobile,dev_516,user_88,click,671,success,Bangalore
1019,2026-04-08 10:00:38,api,dev_481,user_7,click,58,failed,Delhi
1020,2026-04-08 10:00:40,api,,user_5,purchase,880,failed,Delhi
1021,2026-04-08 10:00:42,web,dev_671,user_35,click,774,failed,Bangalore
1022,2026-04-08 10:00:44,mobile,dev_558,user_13,login,919,success,Hyderabad
1023,2026-04-08 10:00:46,mobile,dev_763,user_90,purchase,561,success,Bangalore
1024,2026-04-08 10:00:48,api,dev_238,user_51,login,180,success,Hyderabad
1025,2026-04-08 10:00:50,api,dev_441,user_30,purchase,111,failed,Bangalore
1026,2026-04-08 10:00:52,web,dev_761,user_46,logout,85,failed,Delhi
1027,2026-04-08 10:00:54,mobile,dev_373,user_7,login,821,success,Chennai
1028,2026-04-08 10:00:56,web,dev_262,user_33,logout,921,failed,Chennai
1029,2026-04-08 10:00:58,mobile,dev_458,user_2,logout,968,success,Mumbai
1030,2026-04-08 10:01:00,web,dev_657,user_50,purchase,-200,failed,Mumbai
1031,2026-04-08 10:01:02,mobile,dev_840,user_82,click,515,failed,Mumbai
1032,2026-04-08 10:01:04,api,dev_324,user_42,click,245,success,Chennai
1033,2026-04-08 10:01:06,api,dev_469,user_45,logout,321,success,Chennai
1034,2026-04-08 10:01:08,api,dev_726,user_60,login,842,failed,Hyderabad
1035,2026-04-08 10:01:10,api,dev_414,user_47,login,70,failed,Hyderabad
1036,2026-04-08 10:01:12,api,dev_876,user_66,login,640,success,Delhi
1037,2026-04-08 10:01:14,mobile,dev_142,user_53,click,856,success,Chennai
1038,2026-04-08 10:01:16,web,dev_715,user_22,logout,743,success,Mumbai
1039,2026-04-08 10:01:18,web,dev_321,user_34,click,618,success,Hyderabad
1041,2026-04-08 10:01:22,mobile,dev_305,user_84,purchase,983,failed,Mumbai
1041,2026-04-08 10:01:22,mobile,dev_305,user_84,purchase,983,failed,Mumbai
1042,2026-04-08 10:01:24,api,dev_338,user_89,click,839,failed,Delhi
1043,2026-04-08 10:01:26,api,dev_761,user_14,login,393,failed,Delhi
1044,2026-04-08 10:01:28,mobile,dev_544,user_21,logout,947,success,Hyderabad
1045,2026-04-08 10:01:30,api,dev_835,user_42,purchase,46,success,Chennai
1046,2026-04-08 10:01:32,api,dev_247,user_74,purchase,672,failed,Mumbai
1047,2026-04-08 10:01:34,web,dev_483,user_33,click,564,success,Chennai
1048,2026-04-08 10:01:36,mobile,dev_289,user_9,click,638,success,Hyderabad
1049,2026-04-08 10:01:38,api,dev_697,user_97,purchase,285,success,Bangalore
1050,2026-04-08 10:01:40,mobile,dev_699,user_33,login,450,failed,Bangalore
1051,2026-04-08 10:01:42,mobile,dev_378,user_99,click,118,success,Delhi
1052,2026-04-08 10:01:44,mobile,dev_615,user_68,purchase,27,success,Hyderabad
1053,2026-04-08 10:01:46,web,dev_961,user_69,logout,188,failed,Mumbai
1054,2026-04-08 10:01:48,api,dev_774,user_100,purchase,789,success,Chennai
1055,2026-04-08 10:01:50,mobile,dev_557,user_99,login,953,success,Delhi
1056,2026-04-08 10:01:52,api,dev_592,user_43,login,984,failed,Mumbai
1057,2026-04-08 10:01:54,web,dev_152,user_7,click,651,success,Bangalore
1058,2026-04-08 10:01:56,web,dev_537,user_58,login,268,success,Chennai
1059,2026-04-08 10:01:58,web,dev_691,user_40,purchase,790,success,Hyderabad
1060,2026-04-08 10:02:00,web,dev_613,user_39,logout,611,success,Hyderabad
1061,2026-04-08 10:02:02,web,dev_866,user_69,login,902,success,Bangalore
1062,2026-04-08 10:02:04,mobile,dev_147,user_33,purchase,887,success,Hyderabad
1063,2026-04-08 10:02:06,mobile,dev_374,user_51,click,110,failed,Delhi
1064,2026-04-08 10:02:08,api,dev_636,user_38,logout,682,success,Chennai
1065,2026-04-08 10:02:10,web,dev_339,user_72,login,589,success,Hyderabad
1066,2026-04-08 10:02:12,api,dev_406,user_74,logout,531,success,Chennai
1067,2026-04-08 10:02:14,mobile,dev_259,user_95,logout,374,success,Mumbai
1068,2026-04-08 10:02:16,api,dev_867,user_52,login,270,success,Chennai
1069,2026-04-08 10:02:18,web,dev_294,user_85,click,705,failed,Bangalore
1070,2026-04-08 10:02:20,web,dev_119,user_61,login,459,failed,Mumbai
1071,2026-04-08 10:02:22,web,dev_923,user_64,click,195,success,Hyderabad
1072,2026-04-08 10:02:24,api,dev_281,user_73,click,452,failed,Chennai
1073,2026-04-08 10:02:26,web,dev_236,user_73,purchase,569,success,Bangalore
1074,2026-04-08 10:02:28,api,dev_579,user_63,click,629,success,Hyderabad
1075,2026-04-08 10:02:30,api,dev_896,user_75,logout,647,success,Hyderabad
1076,2026-04-08 10:02:32,mobile,dev_457,user_27,logout,973,success,Delhi
1077,2026-04-08 10:02:34,mobile,dev_278,user_59,logout,953,failed,Hyderabad
1078,2026-04-08 10:02:36,api,dev_573,user_44,login,544,failed,Bangalore
1079,2026-04-08 10:02:38,api,dev_843,user_6,purchase,425,failed,Delhi
1080,2026-04-08 10:02:40,mobile,dev_894,user_32,logout,184,success,Mumbai
1081,2026-04-08 10:02:42,mobile,dev_596,user_48,click,893,failed,Chennai
1082,2026-04-08 10:02:44,web,dev_483,user_92,click,557,success,Bangalore
1083,2026-04-08 10:02:46,api,dev_176,user_26,logout,689,success,Bangalore
1084,2026-04-08 10:02:48,api,dev_424,user_71,purchase,753,success,Mumbai
1085,2026-04-08 10:02:50,mobile,dev_971,user_34,purchase,156,failed,Mumbai
1086,2026-04-08 10:02:52,api,dev_954,user_29,logout,605,failed,Hyderabad
1087,2026-04-08 10:02:54,mobile,dev_675,user_49,login,153,success,Hyderabad
1088,2026-04-08 10:02:56,web,dev_898,user_12,purchase,792,success,Mumbai
1089,2026-04-08 10:02:58,mobile,dev_864,user_59,logout,791,success,Mumbai
1090,2026-04-08 10:03:00,api,dev_935,user_11,logout,226,failed,Mumbai
1091,2026-04-08 10:03:02,mobile,dev_655,user_59,logout,380,failed,Delhi
1092,2026-04-08 10:03:04,mobile,dev_597,user_61,purchase,985,failed,Mumbai
1093,2026-04-08 10:03:06,api,dev_409,user_66,click,46,failed,Mumbai
1094,2026-04-08 10:03:08,api,dev_734,user_51,click,418,success,Bangalore
1095,2026-04-08 10:03:10,mobile,dev_624,user_90,click,260,success,Delhi
1096,2026-04-08 10:03:12,web,dev_719,user_80,login,298,success,Mumbai
1097,2026-04-08 10:03:14,mobile,dev_827,user_71,click,928,failed,Mumbai
1098,2026-04-08 10:03:16,api,dev_805,user_36,purchase,546,success,Chennai
1099,2026-04-08 10:03:18,api,dev_176,user_71,logout,459,failed,Chennai
1100,2026-04-08 10:03:20,web,dev_291,user_90,logout,325,failed,Bangalore
1101,2026-04-08 10:03:22,web,dev_552,user_52,logout,37,failed,Mumbai
1102,2026-04-08 10:03:24,web,dev_898,user_31,logout,796,failed,Hyderabad
1103,2026-04-08 10:03:26,web,dev_826,user_83,logout,777,success,Hyderabad
1104,2026-04-08 10:03:28,mobile,dev_673,user_71,logout,420,failed,Hyderabad
1105,2026-04-08 10:03:30,web,dev_822,user_15,purchase,746,failed,Bangalore
1106,2026-04-08 10:03:32,mobile,dev_398,user_84,purchase,332,failed,Hyderabad
1107,2026-04-08 10:03:34,web,dev_981,user_88,logout,12,failed,Chennai
1108,2026-04-08 10:03:36,web,dev_140,user_22,click,103,failed,Mumbai
1109,2026-04-08 10:03:38,api,dev_249,user_92,logout,142,failed,Hyderabad
1110,2026-04-08 10:03:40,api,dev_662,user_7,purchase,196,success,Mumbai
1111,2026-04-08 10:03:42,api,dev_612,user_29,purchase,724,failed,Chennai
1112,2026-04-08 10:03:44,web,dev_743,user_81,click,929,failed,Mumbai
1113,2026-04-08 10:03:46,mobile,dev_658,user_12,login,484,success,Delhi
1114,2026-04-08 10:03:48,api,dev_164,user_28,click,704,failed,Bangalore
1115,2026-04-08 10:03:50,api,dev_309,user_85,login,576,failed,Delhi
1116,2026-04-08 10:03:52,web,dev_613,user_52,purchase,770,failed,Bangalore
1117,2026-04-08 10:03:54,web,dev_938,user_9,login,616,success,Chennai
1118,2026-04-08 10:03:56,api,dev_726,user_65,logout,714,success,Chennai
1119,2026-04-08 10:03:58,api,dev_733,user_44,click,636,failed,Chennai
1120,2026-04-08 10:04:00,api,dev_232,user_59,login,951,success,Chennai
1121,2026-04-08 10:04:02,web,dev_882,user_17,logout,180,failed,Bangalore
1122,2026-04-08 10:04:04,web,dev_653,user_23,purchase,272,success,Delhi
1123,2026-04-08 10:04:06,api,dev_206,user_95,login,68,success,Delhi
1124,2026-04-08 10:04:08,mobile,dev_183,user_63,login,115,success,Hyderabad
1125,2026-04-08 10:04:10,web,dev_373,user_75,click,293,failed,Hyderabad
1126,2026-04-08 10:04:12,web,dev_137,user_5,logout,607,failed,Bangalore
1127,2026-04-08 10:04:14,api,dev_303,user_98,logout,584,failed,Mumbai
1128,2026-04-08 10:04:16,web,dev_125,user_83,click,182,failed,Chennai
1129,2026-04-08 10:04:18,api,dev_758,user_81,purchase,429,failed,Delhi
1130,2026-04-08 10:04:20,mobile,dev_525,user_50,login,939,failed,Hyderabad
1131,2026-04-08 10:04:22,web,dev_636,user_27,click,83,failed,Chennai
1132,2026-04-08 10:04:24,api,dev_817,user_43,logout,182,success,Bangalore
1133,2026-04-08 10:04:26,api,dev_382,user_67,logout,326,failed,Delhi
1134,2026-04-08 10:04:28,api,dev_621,user_39,purchase,998,failed,Bangalore
1135,2026-04-08 10:04:30,web,dev_469,user_49,purchase,107,success,Bangalore
1136,2026-04-08 10:04:32,web,dev_891,user_98,click,947,success,Hyderabad
1137,2026-04-08 10:04:34,mobile,dev_706,user_33,logout,684,failed,Chennai
1138,2026-04-08 10:04:36,web,dev_944,user_15,purchase,193,failed,Mumbai
1139,2026-04-08 10:04:38,web,dev_919,user_70,logout,805,success,Mumbai
1140,2026-04-08 10:04:40,web,dev_183,user_13,login,383,failed,Bangalore
1141,2026-04-08 10:04:42,api,dev_144,user_4,purchase,409,failed,Chennai
1142,2026-04-08 10:04:44,mobile,dev_131,user_80,purchase,135,success,Hyderabad
1143,2026-04-08 10:04:46,mobile,dev_510,user_75,click,98,failed,Hyderabad
1144,2026-04-08 10:04:48,web,dev_888,user_74,logout,501,failed,Delhi
1145,2026-04-08 10:04:50,web,dev_132,user_80,login,418,failed,Hyderabad
1146,2026-04-08 10:04:52,mobile,dev_872,user_95,click,333,success,Delhi
1147,2026-04-08 10:04:54,mobile,dev_331,user_80,login,242,failed,Mumbai
1148,2026-04-08 10:04:56,web,dev_944,user_59,logout,423,success,Bangalore
1149,2026-04-08 10:04:58,mobile,dev_495,user_17,click,745,failed,Mumbai
1150,2026-04-08 10:05:00,mobile,dev_565,user_76,purchase,697,success,Delhi
1151,2026-04-08 10:05:02,api,dev_679,user_88,purchase,579,failed,Bangalore
1152,2026-04-08 10:05:04,web,dev_581,user_51,logout,28,success,Bangalore
1153,2026-04-08 10:05:06,api,dev_534,user_92,login,733,failed,Chennai
1154,2026-04-08 10:05:08,mobile,dev_759,user_86,click,21,failed,Mumbai
1155,2026-04-08 10:05:10,api,dev_384,user_3,logout,224,failed,Delhi
1156,2026-04-08 10:05:12,web,dev_474,user_49,logout,738,failed,Delhi
1157,2026-04-08 10:05:14,mobile,dev_861,user_66,purchase,818,failed,Bangalore
1158,2026-04-08 10:05:16,api,dev_760,user_40,purchase,7,failed,Bangalore
1159,2026-04-08 10:05:18,mobile,dev_799,user_14,purchase,59,success,Hyderabad
1160,2026-04-08 10:05:20,mobile,dev_369,user_84,click,579,success,Bangalore
1161,2026-04-08 10:05:22,mobile,dev_837,user_29,purchase,418,failed,Chennai
1162,2026-04-08 10:05:24,mobile,dev_729,user_2,click,889,success,Mumbai
1163,2026-04-08 10:05:26,api,dev_376,user_89,purchase,312,success,Delhi
1164,2026-04-08 10:05:28,api,dev_823,user_6,purchase,20,success,Delhi
1165,2026-04-08 10:05:30,mobile,dev_307,user_91,purchase,953,success,Chennai
1166,2026-04-08 10:05:32,web,dev_564,user_9,click,671,failed,Bangalore
1167,2026-04-08 10:05:34,api,dev_871,user_72,login,291,success,Delhi
1168,2026-04-08 10:05:36,api,dev_243,user_46,purchase,839,success,Bangalore
1169,2026-04-08 10:05:38,web,dev_852,user_99,logout,343,failed,Mumbai
1170,2026-04-08 10:05:40,web,dev_198,user_83,click,987,success,Chennai
1171,2026-04-08 10:05:42,mobile,dev_327,user_17,logout,139,failed,Mumbai
1172,2026-04-08 10:05:44,web,dev_430,user_78,login,879,failed,Mumbai
1173,2026-04-08 10:05:46,mobile,dev_486,user_72,purchase,762,failed,Chennai
1174,2026-04-08 10:05:48,api,dev_821,user_43,logout,165,success,Mumbai
1175,2026-04-08 10:05:50,api,dev_383,user_61,purchase,284,success,Chennai
1176,2026-04-08 10:05:52,mobile,dev_312,user_29,logout,313,failed,Delhi
1177,2026-04-08 10:05:54,mobile,dev_233,user_59,login,229,failed,Hyderabad
1178,2026-04-08 10:05:56,web,dev_582,user_10,purchase,411,success,Hyderabad
1179,2026-04-08 10:05:58,web,dev_362,user_21,logout,620,success,Chennai
1180,2026-04-08 10:06:00,mobile,dev_278,user_41,purchase,908,success,Mumbai
1181,2026-04-08 10:06:02,web,dev_479,user_18,logout,549,failed,Mumbai
1182,2026-04-08 10:06:04,mobile,dev_694,user_61,click,200,success,Bangalore
1183,2026-04-08 10:06:06,mobile,dev_716,user_51,logout,711,success,Bangalore
1184,2026-04-08 10:06:08,web,dev_482,user_93,purchase,339,success,Hyderabad
1185,2026-04-08 10:06:10,web,dev_756,user_98,purchase,987,success,Bangalore
1186,2026-04-08 10:06:12,api,dev_347,user_29,login,376,failed,Delhi
1187,2026-04-08 10:06:14,api,dev_757,user_3,login,39,failed,Delhi
1188,2026-04-08 10:06:16,web,dev_251,user_39,purchase,689,success,Bangalore
1189,2026-04-08 10:06:18,web,dev_427,user_83,purchase,605,failed,Mumbai
1190,2026-04-08 10:06:20,web,dev_278,user_98,login,151,success,Bangalore
1191,2026-04-08 10:06:22,mobile,dev_514,user_39,login,977,failed,Delhi
1192,2026-04-08 10:06:24,web,dev_225,user_34,purchase,300,success,Hyderabad
1193,2026-04-08 10:06:26,mobile,dev_520,user_38,login,777,success,Hyderabad
1194,2026-04-08 10:06:28,web,dev_699,user_19,logout,210,failed,Chennai
1195,2026-04-08 10:06:30,web,dev_331,user_7,login,69,failed,Mumbai
1196,2026-04-08 10:06:32,web,dev_818,user_33,purchase,602,failed,Bangalore
1197,2026-04-08 10:06:34,mobile,dev_866,user_54,logout,208,failed,Hyderabad
1198,2026-04-08 10:06:36,web,dev_598,user_3,logout,489,success,Mumbai
1199,2026-04-08 10:06:38,web,dev_359,user_23,click,818,failed,Hyderabad
1200,2026-04-08 10:06:40,api,dev_520,user_19,login,74,success,Delhi
1201,2026-04-08 10:06:42,mobile,dev_419,user_73,login,434,failed,Delhi
1202,2026-04-08 10:06:44,api,dev_403,user_9,login,257,failed,Delhi
1203,2026-04-08 10:06:46,api,dev_583,user_58,click,699,success,Delhi
1204,2026-04-08 10:06:48,web,dev_686,user_12,click,923,success,Hyderabad
1205,2026-04-08 10:06:50,web,dev_751,user_32,login,175,success,Chennai
1206,2026-04-08 10:06:52,api,dev_596,user_55,login,762,failed,Delhi
1207,2026-04-08 10:06:54,mobile,dev_608,user_38,click,363,failed,Bangalore
1208,2026-04-08 10:06:56,api,dev_180,user_8,logout,384,success,Delhi
1209,2026-04-08 10:06:58,mobile,dev_875,user_53,click,244,success,Delhi
1210,2026-04-08 10:07:00,mobile,dev_114,user_14,click,424,failed,Hyderabad
1211,2026-04-08 10:07:02,api,dev_953,user_53,purchase,638,failed,Mumbai
1212,2026-04-08 10:07:04,api,dev_791,user_40,login,333,success,Bangalore
1213,2026-04-08 10:07:06,api,dev_734,user_36,logout,293,success,Hyderabad
1214,2026-04-08 10:07:08,mobile,dev_688,user_36,click,488,success,Hyderabad
1215,2026-04-08 10:07:10,mobile,dev_524,user_86,purchase,750,failed,Bangalore
1216,2026-04-08 10:07:12,mobile,dev_323,user_26,logout,987,failed,Mumbai
1217,2026-04-08 10:07:14,mobile,dev_102,user_94,login,328,success,Chennai
1218,2026-04-08 10:07:16,api,dev_139,user_47,login,130,failed,Delhi
1219,2026-04-08 10:07:18,api,dev_181,user_97,logout,904,success,Delhi
1220,2026-04-08 10:07:20,api,dev_753,user_82,click,630,success,Chennai
1221,2026-04-08 10:07:22,mobile,dev_488,user_96,purchase,431,failed,Chennai
1222,2026-04-08 10:07:24,web,dev_160,user_96,logout,745,failed,Chennai
1223,2026-04-08 10:07:26,web,dev_321,user_29,login,433,success,Delhi
1224,2026-04-08 10:07:28,web,dev_987,user_40,purchase,214,failed,Hyderabad
1225,2026-04-08 10:07:30,api,dev_151,user_62,logout,405,failed,Hyderabad
1226,2026-04-08 10:07:32,api,dev_567,user_48,purchase,353,failed,Mumbai
1227,2026-04-08 10:07:34,mobile,dev_623,user_79,purchase,148,success,Chennai
1228,2026-04-08 10:07:36,api,dev_485,user_70,purchase,443,success,Hyderabad
1229,2026-04-08 10:07:38,mobile,dev_120,user_24,login,740,success,Mumbai
1230,2026-04-08 10:07:40,web,dev_726,user_17,logout,472,success,Delhi
1231,2026-04-08 10:07:42,api,dev_794,user_35,purchase,725,failed,Hyderabad
1232,2026-04-08 10:07:44,web,dev_320,user_19,logout,380,failed,Mumbai
1233,2026-04-08 10:07:46,web,dev_244,user_39,login,389,success,Hyderabad
1234,2026-04-08 10:07:48,web,dev_372,user_82,logout,80,failed,Hyderabad
1235,2026-04-08 10:07:50,api,dev_657,user_50,click,691,success,Mumbai
1236,2026-04-08 10:07:52,web,dev_363,user_32,purchase,181,success,Hyderabad
1237,2026-04-08 10:07:54,web,dev_123,user_44,logout,1,failed,Hyderabad
1238,2026-04-08 10:07:56,api,dev_232,user_8,click,292,success,Chennai
1239,2026-04-08 10:07:58,mobile,dev_146,user_77,purchase,357,success,Bangalore
1240,2026-04-08 10:08:00,web,dev_154,user_17,logout,108,failed,Delhi
1241,2026-04-08 10:08:02,web,dev_419,user_54,click,163,failed,Delhi
1242,2026-04-08 10:08:04,web,dev_160,user_74,click,314,failed,Mumbai
1243,2026-04-08 10:08:06,api,dev_827,user_66,click,806,success,Chennai
1244,2026-04-08 10:08:08,mobile,dev_859,user_51,purchase,437,failed,Mumbai
1245,2026-04-08 10:08:10,web,dev_993,user_32,purchase,865,failed,Mumbai
1246,2026-04-08 10:08:12,web,dev_723,user_72,logout,712,success,Chennai
1247,2026-04-08 10:08:14,api,dev_407,user_30,purchase,170,failed,Delhi
1248,2026-04-08 10:08:16,api,dev_592,user_37,login,603,failed,Bangalore
1249,2026-04-08 10:08:18,mobile,dev_770,user_6,click,388,failed,Chennai
1250,2026-04-08 10:08:20,mobile,dev_378,user_78,login,138,failed,Hyderabad
1251,2026-04-08 10:08:22,web,dev_572,user_21,logout,204,failed,Delhi
1252,2026-04-08 10:08:24,api,dev_649,user_93,login,311,failed,Bangalore
1253,2026-04-08 10:08:26,web,dev_129,user_24,logout,137,success,Hyderabad
1254,2026-04-08 10:08:28,web,dev_463,user_74,logout,435,failed,Mumbai
1255,2026-04-08 10:08:30,web,dev_187,user_86,click,213,failed,Bangalore
1256,2026-04-08 10:08:32,api,dev_427,user_38,logout,237,success,Delhi
1257,2026-04-08 10:08:34,api,dev_876,user_28,purchase,79,failed,Delhi
1258,2026-04-08 10:08:36,mobile,dev_910,user_88,login,558,failed,Mumbai
1259,2026-04-08 10:08:38,web,dev_297,user_62,click,104,success,Mumbai
1260,2026-04-08 10:08:40,api,dev_896,user_4,login,227,success,Chennai
1261,2026-04-08 10:08:42,api,dev_231,user_84,click,500,failed,Delhi
1262,2026-04-08 10:08:44,mobile,dev_842,user_86,logout,805,success,Bangalore
1263,2026-04-08 10:08:46,api,dev_808,user_13,logout,259,success,Delhi
1264,2026-04-08 10:08:48,web,dev_319,user_54,logout,65,failed,Mumbai
1265,2026-04-08 10:08:50,api,dev_434,user_8,purchase,184,failed,Bangalore
1266,2026-04-08 10:08:52,mobile,dev_464,user_82,login,275,success,Bangalore
1267,2026-04-08 10:08:54,web,dev_421,user_26,click,181,success,Delhi
1268,2026-04-08 10:08:56,api,dev_501,user_16,click,681,failed,Bangalore
1269,2026-04-08 10:08:58,mobile,dev_630,user_16,logout,718,failed,Bangalore
1270,2026-04-08 10:09:00,api,dev_837,user_27,login,494,failed,Chennai
1271,2026-04-08 10:09:02,mobile,dev_683,user_75,click,266,failed,Chennai
1272,2026-04-08 10:09:04,api,dev_185,user_80,purchase,709,success,Hyderabad
1273,2026-04-08 10:09:06,mobile,dev_791,user_68,login,480,failed,Mumbai
1274,2026-04-08 10:09:08,mobile,dev_988,user_5,login,363,failed,Mumbai
1275,2026-04-08 10:09:10,web,dev_374,user_59,purchase,736,success,Mumbai
1276,2026-04-08 10:09:12,api,dev_892,user_17,logout,687,failed,Mumbai
1277,2026-04-08 10:09:14,web,dev_464,user_20,login,305,success,Chennai
1278,2026-04-08 10:09:16,web,dev_989,user_94,logout,347,failed,Delhi
1279,2026-04-08 10:09:18,mobile,dev_531,user_78,login,213,success,Chennai
1280,2026-04-08 10:09:20,api,dev_899,user_8,logout,942,success,Mumbai
1281,2026-04-08 10:09:22,web,dev_232,user_61,login,678,failed,Mumbai
1282,2026-04-08 10:09:24,api,dev_808,user_23,logout,964,success,Delhi
1283,2026-04-08 10:09:26,api,dev_965,user_54,logout,942,failed,Chennai
1284,2026-04-08 10:09:28,api,dev_244,user_74,login,926,failed,Chennai
1285,2026-04-08 10:09:30,api,dev_634,user_94,login,794,failed,Chennai
1286,2026-04-08 10:09:32,api,dev_505,user_12,login,525,success,Mumbai
1287,2026-04-08 10:09:34,mobile,dev_397,user_13,purchase,169,failed,Mumbai
1288,2026-04-08 10:09:36,web,dev_398,user_56,logout,996,success,Hyderabad
1289,2026-04-08 10:09:38,web,dev_929,user_87,logout,203,success,Hyderabad
1290,2026-04-08 10:09:40,web,dev_485,user_39,logout,730,success,Bangalore
1291,2026-04-08 10:09:42,api,dev_881,user_21,purchase,410,success,Bangalore
1292,2026-04-08 10:09:44,mobile,dev_218,user_73,login,672,success,Mumbai
1293,2026-04-08 10:09:46,api,dev_824,user_88,purchase,457,success,Mumbai
1294,2026-04-08 10:09:48,api,dev_625,user_34,purchase,160,failed,Bangalore
1295,2026-04-08 10:09:50,web,dev_899,user_74,login,743,failed,Chennai
1296,2026-04-08 10:09:52,mobile,dev_603,user_81,click,336,success,Hyderabad
1297,2026-04-08 10:09:54,api,dev_895,user_34,purchase,577,success,Mumbai
1298,2026-04-08 10:09:56,api,dev_777,user_1,logout,106,success,Delhi
1299,2026-04-08 10:09:58,mobile,dev_176,user_16,logout,12,success,Hyderabad
1300,2026-04-08 10:10:00,web,dev_997,user_76,click,518,failed,Hyderabad
1301,2026-04-08 10:10:02,mobile,dev_400,user_14,login,492,success,Delhi
1302,2026-04-08 10:10:04,api,dev_216,user_5,click,105,success,Bangalore
1303,2026-04-08 10:10:06,web,dev_122,user_8,purchase,720,failed,Chennai
1304,2026-04-08 10:10:08,api,dev_591,user_96,purchase,125,success,Delhi
1305,2026-04-08 10:10:10,mobile,dev_563,user_30,purchase,2,success,Chennai
1306,2026-04-08 10:10:12,api,dev_817,user_37,logout,634,success,Mumbai
1307,2026-04-08 10:10:14,mobile,dev_867,user_11,logout,310,success,Mumbai
1308,2026-04-08 10:10:16,web,dev_716,user_29,logout,619,success,Hyderabad
1309,2026-04-08 10:10:18,api,dev_620,user_34,logout,700,failed,Mumbai
1310,2026-04-08 10:10:20,mobile,dev_504,user_41,logout,406,failed,Chennai
1311,2026-04-08 10:10:22,mobile,dev_412,user_63,login,773,failed,Chennai
1312,2026-04-08 10:10:24,api,dev_718,user_11,logout,833,success,Mumbai
1313,2026-04-08 10:10:26,mobile,dev_181,user_73,purchase,398,success,Delhi
1314,2026-04-08 10:10:28,web,dev_320,user_85,purchase,999,failed,Delhi
1315,2026-04-08 10:10:30,mobile,dev_277,user_32,logout,587,success,Hyderabad
1316,2026-04-08 10:10:32,mobile,dev_855,user_50,click,623,success,Mumbai
1317,2026-04-08 10:10:34,mobile,dev_486,user_13,login,219,success,Mumbai
1318,2026-04-08 10:10:36,web,dev_842,user_28,purchase,644,success,Delhi
1319,2026-04-08 10:10:38,api,dev_520,user_56,login,304,success,Hyderabad
1320,2026-04-08 10:10:40,web,dev_974,user_96,logout,641,success,Bangalore
1321,2026-04-08 10:10:42,web,dev_907,user_84,logout,879,failed,Chennai
1322,2026-04-08 10:10:44,mobile,dev_184,user_52,click,651,success,Delhi
1323,2026-04-08 10:10:46,api,dev_761,user_66,click,425,failed,Hyderabad
1324,2026-04-08 10:10:48,api,dev_525,user_5,logout,669,failed,Hyderabad
1325,2026-04-08 10:10:50,api,dev_808,user_33,purchase,134,failed,Chennai
1326,2026-04-08 10:10:52,mobile,dev_420,user_94,purchase,545,success,Bangalore
1327,2026-04-08 10:10:54,mobile,dev_435,user_72,login,635,success,Bangalore
1328,2026-04-08 10:10:56,mobile,dev_973,user_59,logout,810,failed,Delhi
1329,2026-04-08 10:10:58,api,dev_965,user_64,click,680,success,Delhi
1330,2026-04-08 10:11:00,api,dev_649,user_95,purchase,260,failed,Mumbai
1331,2026-04-08 10:11:02,web,dev_994,user_58,click,207,failed,Mumbai
1332,2026-04-08 10:11:04,api,dev_822,user_36,purchase,854,failed,Chennai
1333,2026-04-08 10:11:06,api,dev_185,user_32,logout,736,success,Chennai
1334,2026-04-08 10:11:08,api,dev_245,user_88,login,209,failed,Delhi
1335,2026-04-08 10:11:10,api,dev_735,user_95,login,137,failed,Hyderabad
1336,2026-04-08 10:11:12,web,dev_728,user_99,login,796,failed,Mumbai
1337,2026-04-08 10:11:14,api,dev_123,user_62,click,211,failed,Mumbai
1338,2026-04-08 10:11:16,api,dev_761,user_25,purchase,969,success,Delhi
1339,2026-04-08 10:11:18,api,dev_184,user_19,purchase,353,success,Bangalore
1340,2026-04-08 10:11:20,web,dev_607,user_84,login,70,success,Hyderabad
1341,2026-04-08 10:11:22,web,dev_599,user_59,login,603,failed,Mumbai
1342,2026-04-08 10:11:24,mobile,dev_499,user_23,click,971,failed,Delhi
1343,2026-04-08 10:11:26,api,dev_664,user_73,login,282,failed,Hyderabad
1344,2026-04-08 10:11:28,web,dev_202,user_8,purchase,973,failed,Chennai
1345,2026-04-08 10:11:30,mobile,dev_165,user_16,login,50,failed,Hyderabad
1346,2026-04-08 10:11:32,web,dev_765,user_35,purchase,106,failed,Chennai
1347,2026-04-08 10:11:34,web,dev_764,user_15,click,544,failed,Chennai
1348,2026-04-08 10:11:36,mobile,dev_784,user_61,logout,440,success,Delhi
1349,2026-04-08 10:11:38,api,dev_575,user_88,login,331,failed,Delhi
1350,2026-04-08 10:11:40,api,dev_370,user_31,logout,437,success,Mumbai
1351,2026-04-08 10:11:42,mobile,dev_468,user_81,purchase,924,failed,Bangalore
1352,2026-04-08 10:11:44,mobile,dev_460,user_81,logout,615,success,Hyderabad
1353,2026-04-08 10:11:46,api,dev_843,user_36,login,552,success,Bangalore
1354,2026-04-08 10:11:48,mobile,dev_372,user_48,purchase,966,failed,Delhi
1355,2026-04-08 10:11:50,web,dev_840,user_72,click,311,failed,Chennai
1356,2026-04-08 10:11:52,api,dev_799,user_26,logout,378,failed,Chennai
1357,2026-04-08 10:11:54,mobile,dev_234,user_1,click,959,failed,Mumbai
1358,2026-04-08 10:11:56,web,dev_694,user_95,login,440,success,Delhi
1359,2026-04-08 10:11:58,mobile,dev_309,user_64,click,603,success,Chennai
1360,2026-04-08 10:12:00,api,dev_883,user_13,logout,34,success,Hyderabad
1361,2026-04-08 10:12:02,mobile,dev_678,user_71,click,105,success,Bangalore
1362,2026-04-08 10:12:04,web,dev_192,user_33,click,323,success,Delhi
1363,2026-04-08 10:12:06,api,dev_369,user_26,click,862,failed,Chennai
1364,2026-04-08 10:12:08,web,dev_406,user_100,click,707,failed,Delhi
1365,2026-04-08 10:12:10,api,dev_757,user_81,logout,625,failed,Mumbai
1366,2026-04-08 10:12:12,api,dev_433,user_39,click,257,failed,Bangalore
1367,2026-04-08 10:12:14,web,dev_405,user_79,login,860,failed,Chennai
1368,2026-04-08 10:12:16,web,dev_986,user_63,login,601,failed,Hyderabad
1369,2026-04-08 10:12:18,api,dev_790,user_16,login,149,failed,Mumbai
1370,2026-04-08 10:12:20,web,dev_232,user_73,login,860,failed,Hyderabad
1371,2026-04-08 10:12:22,api,dev_674,user_7,login,393,success,Delhi
1372,2026-04-08 10:12:24,web,dev_946,user_2,logout,156,success,Chennai
1373,2026-04-08 10:12:26,web,dev_976,user_52,login,509,failed,Delhi
1374,2026-04-08 10:12:28,mobile,dev_635,user_41,logout,871,success,Hyderabad
1375,2026-04-08 10:12:30,web,dev_415,user_37,login,743,failed,Delhi
1376,2026-04-08 10:12:32,mobile,dev_241,user_57,login,983,success,Delhi
1377,2026-04-08 10:12:34,web,dev_271,user_52,logout,837,success,Chennai
1378,2026-04-08 10:12:36,web,dev_241,user_67,click,179,failed,Bangalore
1379,2026-04-08 10:12:38,api,dev_225,user_9,purchase,885,failed,Delhi
1380,2026-04-08 10:12:40,web,dev_820,user_94,click,459,success,Hyderabad
1381,2026-04-08 10:12:42,mobile,dev_595,user_5,login,278,failed,Chennai
1382,2026-04-08 10:12:44,web,dev_557,user_35,purchase,201,failed,Bangalore
1383,2026-04-08 10:12:46,api,dev_821,user_29,click,402,failed,Mumbai
1384,2026-04-08 10:12:48,web,dev_567,user_98,login,194,failed,Delhi
1385,2026-04-08 10:12:50,mobile,dev_269,user_50,click,322,failed,Delhi
1386,2026-04-08 10:12:52,mobile,dev_365,user_37,click,170,success,Chennai
1387,2026-04-08 10:12:54,mobile,dev_654,user_87,purchase,187,failed,Chennai
1388,2026-04-08 10:12:56,web,dev_338,user_46,login,923,success,Chennai
1389,2026-04-08 10:12:58,mobile,dev_741,user_8,click,729,success,Bangalore
1390,2026-04-08 10:13:00,api,dev_622,user_56,login,789,failed,Chennai
1391,2026-04-08 10:13:02,api,dev_419,user_17,login,437,success,Hyderabad
1392,2026-04-08 10:13:04,web,dev_341,user_56,click,484,failed,Mumbai
1393,2026-04-08 10:13:06,mobile,dev_468,user_19,login,996,success,Delhi
1394,2026-04-08 10:13:08,mobile,dev_971,user_9,login,937,success,Bangalore
1395,2026-04-08 10:13:10,web,dev_975,user_68,purchase,67,failed,Bangalore
1396,2026-04-08 10:13:12,mobile,dev_455,user_37,purchase,467,success,Delhi
1397,2026-04-08 10:13:14,mobile,dev_279,user_49,purchase,287,failed,Mumbai
1398,2026-04-08 10:13:16,mobile,dev_276,user_36,click,705,success,Hyderabad
1399,2026-04-08 10:13:18,mobile,dev_224,user_94,purchase,24,failed,Mumbai
1400,2026-04-08 10:13:20,web,dev_915,user_57,click,384,failed,Hyderabad
1401,2026-04-08 10:13:22,web,dev_235,user_32,logout,574,success,Delhi
1402,2026-04-08 10:13:24,api,dev_202,user_82,purchase,933,failed,Hyderabad
1403,2026-04-08 10:13:26,web,dev_810,user_44,purchase,176,success,Hyderabad
1404,2026-04-08 10:13:28,mobile,dev_821,user_6,purchase,574,success,Chennai
1405,2026-04-08 10:13:30,api,dev_124,user_6,logout,436,failed,Mumbai
1406,2026-04-08 10:13:32,api,dev_924,user_25,logout,472,failed,Chennai
1407,2026-04-08 10:13:34,mobile,dev_374,user_26,purchase,236,success,Hyderabad
1408,2026-04-08 10:13:36,mobile,dev_309,user_26,click,559,failed,Hyderabad
1409,2026-04-08 10:13:38,mobile,dev_205,user_22,click,153,success,Hyderabad
1410,2026-04-08 10:13:40,web,dev_642,user_22,login,20,failed,Bangalore
1411,2026-04-08 10:13:42,api,dev_659,user_40,login,611,failed,Bangalore
1412,2026-04-08 10:13:44,api,dev_489,user_92,logout,141,failed,Chennai
1413,2026-04-08 10:13:46,api,dev_241,user_13,click,209,failed,Delhi
1414,2026-04-08 10:13:48,mobile,dev_827,user_100,logout,626,failed,Mumbai
1415,2026-04-08 10:13:50,api,dev_522,user_54,login,239,success,Chennai
1416,2026-04-08 10:13:52,api,dev_927,user_56,click,558,failed,Hyderabad
1417,2026-04-08 10:13:54,mobile,dev_725,user_43,login,12,failed,Delhi
1418,2026-04-08 10:13:56,api,dev_401,user_24,logout,286,success,Mumbai
1419,2026-04-08 10:13:58,mobile,dev_961,user_84,logout,582,success,Chennai
1420,2026-04-08 10:14:00,mobile,dev_616,user_72,logout,573,failed,Hyderabad
1421,2026-04-08 10:14:02,api,dev_468,user_5,login,458,failed,Mumbai
1422,2026-04-08 10:14:04,mobile,dev_223,user_92,purchase,893,success,Chennai
1423,2026-04-08 10:14:06,api,dev_984,user_2,click,274,failed,Chennai
1424,2026-04-08 10:14:08,web,dev_685,user_32,purchase,217,failed,Delhi
1425,2026-04-08 10:14:10,web,dev_654,user_33,logout,893,failed,Chennai
1426,2026-04-08 10:14:12,mobile,dev_157,user_39,login,999,failed,Hyderabad
1427,2026-04-08 10:14:14,web,dev_913,user_26,purchase,729,failed,Delhi
1428,2026-04-08 10:14:16,web,dev_157,user_1,login,700,failed,Mumbai
1429,2026-04-08 10:14:18,web,dev_898,user_60,login,225,failed,Chennai
1430,2026-04-08 10:14:20,mobile,dev_351,user_5,click,821,success,Hyderabad
1431,2026-04-08 10:14:22,api,dev_113,user_7,click,579,failed,Mumbai
1432,2026-04-08 10:14:24,api,dev_980,user_30,logout,20,failed,Mumbai
1433,2026-04-08 10:14:26,mobile,dev_266,user_89,purchase,649,failed,Chennai
1434,2026-04-08 10:14:28,api,dev_129,user_61,login,147,success,Bangalore
1435,2026-04-08 10:14:30,mobile,dev_945,user_98,login,364,failed,Hyderabad
1436,2026-04-08 10:14:32,mobile,dev_894,user_80,purchase,352,success,Hyderabad
1437,2026-04-08 10:14:34,mobile,dev_411,user_89,purchase,439,success,Mumbai
1438,2026-04-08 10:14:36,web,dev_998,user_43,login,897,success,Bangalore
1439,2026-04-08 10:14:38,web,dev_615,user_88,click,675,failed,Delhi
1440,2026-04-08 10:14:40,web,dev_413,user_79,logout,798,failed,Delhi
1441,2026-04-08 10:14:42,web,dev_665,user_46,logout,375,failed,Chennai
1442,2026-04-08 10:14:44,api,dev_774,user_96,purchase,467,success,Mumbai
1443,2026-04-08 10:14:46,mobile,dev_560,user_96,purchase,121,failed,Chennai
1444,2026-04-08 10:14:48,api,dev_321,user_99,click,586,failed,Mumbai
1445,2026-04-08 10:14:50,api,dev_345,user_57,click,874,failed,Bangalore
1446,2026-04-08 10:14:52,api,dev_610,user_35,click,917,failed,Chennai
1447,2026-04-08 10:14:54,web,dev_148,user_25,purchase,558,success,Delhi
1448,2026-04-08 10:14:56,api,dev_855,user_87,click,491,success,Hyderabad
1449,2026-04-08 10:14:58,mobile,dev_291,user_13,purchase,396,failed,Delhi
1450,2026-04-08 10:15:00,web,dev_124,user_73,click,876,failed,Mumbai
1451,2026-04-08 10:15:02,mobile,dev_771,user_58,purchase,226,success,Delhi
1452,2026-04-08 10:15:04,api,dev_235,user_57,logout,263,success,Bangalore
1453,2026-04-08 10:15:06,api,dev_207,user_19,login,182,failed,Delhi
1454,2026-04-08 10:15:08,mobile,dev_775,user_40,login,627,success,Bangalore
1455,2026-04-08 10:15:10,web,dev_534,user_87,purchase,924,failed,Delhi
1456,2026-04-08 10:15:12,api,dev_236,user_19,click,314,failed,Chennai
1457,2026-04-08 10:15:14,api,dev_226,user_15,purchase,810,success,Mumbai
1458,2026-04-08 10:15:16,mobile,dev_274,user_97,click,221,failed,Hyderabad
1459,2026-04-08 10:15:18,api,dev_793,user_36,login,731,failed,Bangalore
1460,2026-04-08 10:15:20,mobile,dev_614,user_40,purchase,625,failed,Bangalore
1461,2026-04-08 10:15:22,api,dev_526,user_40,logout,78,failed,Mumbai
1462,2026-04-08 10:15:24,mobile,dev_552,user_86,purchase,438,success,Hyderabad
1463,2026-04-08 10:15:26,mobile,dev_339,user_40,logout,737,success,Chennai
1464,2026-04-08 10:15:28,web,dev_862,user_3,login,715,success,Bangalore
1465,2026-04-08 10:15:30,mobile,dev_102,user_11,purchase,738,success,Mumbai
1466,2026-04-08 10:15:32,api,dev_143,user_25,logout,960,success,Mumbai
1467,2026-04-08 10:15:34,api,dev_661,user_60,logout,327,failed,Hyderabad
1468,2026-04-08 10:15:36,api,dev_866,user_14,click,923,success,Chennai
1469,2026-04-08 10:15:38,mobile,dev_791,user_80,login,13,failed,Bangalore
1470,2026-04-08 10:15:40,mobile,dev_908,user_19,logout,570,success,Mumbai
1471,2026-04-08 10:15:42,api,dev_716,user_92,click,274,success,Hyderabad
1472,2026-04-08 10:15:44,mobile,dev_909,user_57,login,723,success,Mumbai
1473,2026-04-08 10:15:46,api,dev_148,user_10,logout,916,success,Hyderabad
1474,2026-04-08 10:15:48,web,dev_983,user_44,logout,329,failed,Chennai
1475,2026-04-08 10:15:50,api,dev_670,user_34,login,606,failed,Hyderabad
1476,2026-04-08 10:15:52,web,dev_539,user_35,login,371,failed,Mumbai
1477,2026-04-08 10:15:54,web,dev_613,user_13,click,56,failed,Bangalore
1478,2026-04-08 10:15:56,mobile,dev_576,user_33,purchase,680,failed,Chennai
1479,2026-04-08 10:15:58,web,dev_839,user_97,click,517,failed,Chennai
1480,2026-04-08 10:16:00,web,dev_111,user_3,logout,167,success,Hyderabad
1481,2026-04-08 10:16:02,web,dev_201,user_4,click,409,success,Chennai
1482,2026-04-08 10:16:04,web,dev_649,user_66,login,607,failed,Bangalore
1483,2026-04-08 10:16:06,mobile,dev_793,user_40,login,779,failed,Chennai
1484,2026-04-08 10:16:08,api,dev_582,user_54,purchase,940,success,Delhi
1485,2026-04-08 10:16:10,mobile,dev_442,user_50,login,683,failed,Chennai
1486,2026-04-08 10:16:12,web,dev_349,user_30,logout,902,failed,Bangalore
1487,2026-04-08 10:16:14,api,dev_515,user_32,click,780,success,Hyderabad
1488,2026-04-08 10:16:16,api,dev_703,user_80,purchase,777,success,Mumbai
1489,2026-04-08 10:16:18,api,dev_497,user_70,login,387,success,Bangalore
1490,2026-04-08 10:16:20,api,dev_718,user_22,logout,392,success,Hyderabad
1491,2026-04-08 10:16:22,web,dev_640,user_67,click,448,success,Hyderabad
1492,2026-04-08 10:16:24,api,dev_482,user_63,purchase,24,success,Delhi
1493,2026-04-08 10:16:26,mobile,dev_108,user_46,logout,499,failed,Mumbai
1494,2026-04-08 10:16:28,web,dev_365,user_82,login,516,success,Chennai
1495,2026-04-08 10:16:30,mobile,dev_472,user_63,purchase,599,success,Delhi
1496,2026-04-08 10:16:32,web,dev_847,user_60,logout,435,failed,Bangalore
1497,2026-04-08 10:16:34,web,dev_153,user_41,logout,713,success,Delhi
1498,2026-04-08 10:16:36,web,dev_310,user_100,purchase,814,success,Delhi
1499,2026-04-08 10:16:38,mobile,dev_384,user_13,login,212,failed,Mumbai
1500,2026-04-08 10:16:40,web,dev_866,user_66,click,486,success,Mumbai
1501,2026-04-08 10:16:42,api,dev_947,user_89,logout,566,failed,Delhi
1502,2026-04-08 10:16:44,mobile,dev_786,user_53,logout,480,failed,Hyderabad
1503,2026-04-08 10:16:46,api,dev_472,user_78,click,31,success,Bangalore
1504,2026-04-08 10:16:48,web,dev_551,user_48,login,796,failed,Delhi
1505,2026-04-08 10:16:50,mobile,dev_996,user_2,click,484,success,Mumbai
1506,2026-04-08 10:16:52,mobile,dev_389,user_87,login,151,failed,Chennai
1507,2026-04-08 10:16:54,api,dev_250,user_56,purchase,967,failed,Hyderabad
1508,2026-04-08 10:16:56,web,dev_499,user_65,click,459,failed,Hyderabad
1509,2026-04-08 10:16:58,api,dev_775,user_39,purchase,155,failed,Chennai
1510,2026-04-08 10:17:00,mobile,dev_364,user_88,logout,614,failed,Mumbai
1511,2026-04-08 10:17:02,web,dev_621,user_71,click,54,success,Bangalore
1512,2026-04-08 10:17:04,api,dev_529,user_13,purchase,128,success,Chennai
1513,2026-04-08 10:17:06,web,dev_702,user_64,logout,592,failed,Mumbai
1514,2026-04-08 10:17:08,mobile,dev_246,user_96,logout,477,success,Bangalore
1515,2026-04-08 10:17:10,mobile,dev_847,user_27,login,667,success,Mumbai
1516,2026-04-08 10:17:12,api,dev_929,user_85,login,646,failed,Bangalore
1517,2026-04-08 10:17:14,web,dev_687,user_12,login,623,success,Hyderabad
1518,2026-04-08 10:17:16,api,dev_436,user_29,purchase,621,failed,Delhi
1519,2026-04-08 10:17:18,mobile,dev_644,user_83,purchase,234,failed,Hyderabad
1520,2026-04-08 10:17:20,mobile,dev_342,user_33,purchase,868,failed,Mumbai
1521,2026-04-08 10:17:22,web,dev_702,user_47,login,127,failed,Hyderabad
1522,2026-04-08 10:17:24,api,dev_778,user_74,logout,820,failed,Chennai
1523,2026-04-08 10:17:26,mobile,dev_425,user_97,login,795,success,Chennai
1524,2026-04-08 10:17:28,api,dev_701,user_48,logout,610,success,Mumbai
1525,2026-04-08 10:17:30,web,dev_263,user_82,purchase,59,failed,Bangalore
1526,2026-04-08 10:17:32,mobile,dev_813,user_4,purchase,281,failed,Delhi
1527,2026-04-08 10:17:34,web,dev_795,user_37,click,148,success,Delhi
1528,2026-04-08 10:17:36,mobile,dev_680,user_14,logout,751,success,Delhi
1529,2026-04-08 10:17:38,mobile,dev_299,user_31,click,93,success,Mumbai
1530,2026-04-08 10:17:40,web,dev_506,user_16,purchase,344,failed,Hyderabad
1531,2026-04-08 10:17:42,api,dev_511,user_98,purchase,955,success,Mumbai
1532,2026-04-08 10:17:44,web,dev_291,user_76,purchase,963,success,Hyderabad
1533,2026-04-08 10:17:46,web,dev_862,user_25,click,325,success,Chennai
1534,2026-04-08 10:17:48,web,dev_919,user_56,purchase,450,success,Mumbai
1535,2026-04-08 10:17:50,api,dev_847,user_89,logout,892,failed,Hyderabad
1536,2026-04-08 10:17:52,web,dev_566,user_20,login,218,failed,Delhi
1537,2026-04-08 10:17:54,mobile,dev_804,user_30,purchase,495,success,Chennai
1538,2026-04-08 10:17:56,mobile,dev_222,user_8,logout,365,failed,Chennai
1539,2026-04-08 10:17:58,web,dev_178,user_47,click,971,failed,Mumbai
1540,2026-04-08 10:18:00,mobile,dev_726,user_38,click,142,success,Mumbai
1541,2026-04-08 10:18:02,api,dev_254,user_43,logout,178,failed,Delhi
1542,2026-04-08 10:18:04,api,dev_241,user_30,login,148,failed,Mumbai
1543,2026-04-08 10:18:06,api,dev_826,user_9,login,577,success,Mumbai
1544,2026-04-08 10:18:08,api,dev_826,user_18,click,357,success,Chennai
1545,2026-04-08 10:18:10,web,dev_563,user_11,click,402,failed,Bangalore
1546,2026-04-08 10:18:12,web,dev_944,user_76,click,82,failed,Chennai
1547,2026-04-08 10:18:14,mobile,dev_578,user_73,logout,232,success,Bangalore
1548,2026-04-08 10:18:16,web,dev_418,user_12,click,274,success,Bangalore
1549,2026-04-08 10:18:18,api,dev_327,user_99,logout,845,success,Mumbai
1550,2026-04-08 10:18:20,mobile,dev_959,user_22,click,257,failed,Hyderabad
1551,2026-04-08 10:18:22,api,dev_161,user_81,logout,125,success,Hyderabad
1552,2026-04-08 10:18:24,mobile,dev_326,user_27,logout,453,success,Bangalore
1553,2026-04-08 10:18:26,mobile,dev_903,user_48,login,614,failed,Delhi
1554,2026-04-08 10:18:28,web,dev_328,user_83,logout,362,success,Chennai
1555,2026-04-08 10:18:30,mobile,dev_891,user_62,logout,252,failed,Hyderabad
1556,2026-04-08 10:18:32,web,dev_981,user_3,purchase,542,success,Hyderabad
1557,2026-04-08 10:18:34,api,dev_953,user_95,purchase,453,failed,Mumbai
1558,2026-04-08 10:18:36,api,dev_300,user_74,login,839,success,Bangalore
1559,2026-04-08 10:18:38,mobile,dev_942,user_69,login,899,success,Delhi
1560,2026-04-08 10:18:40,web,dev_123,user_43,login,852,success,Bangalore
1561,2026-04-08 10:18:42,api,dev_616,user_73,purchase,681,failed,Chennai
1562,2026-04-08 10:18:44,api,dev_454,user_27,click,375,success,Chennai
1563,2026-04-08 10:18:46,mobile,dev_564,user_82,logout,517,failed,Bangalore
1564,2026-04-08 10:18:48,web,dev_728,user_3,purchase,731,success,Bangalore
1565,2026-04-08 10:18:50,web,dev_702,user_69,logout,955,success,Hyderabad
1566,2026-04-08 10:18:52,web,dev_537,user_26,login,415,success,Bangalore
1567,2026-04-08 10:18:54,api,dev_906,user_44,click,661,success,Bangalore
1568,2026-04-08 10:18:56,api,dev_835,user_38,click,482,failed,Chennai
1569,2026-04-08 10:18:58,web,dev_154,user_8,click,933,success,Hyderabad
1570,2026-04-08 10:19:00,web,dev_628,user_72,login,286,failed,Delhi
1571,2026-04-08 10:19:02,api,dev_307,user_5,click,542,success,Delhi
1572,2026-04-08 10:19:04,web,dev_525,user_10,click,310,success,Chennai
1573,2026-04-08 10:19:06,web,dev_399,user_1,click,825,success,Chennai
1574,2026-04-08 10:19:08,mobile,dev_490,user_21,purchase,388,success,Delhi
1575,2026-04-08 10:19:10,mobile,dev_847,user_27,logout,723,failed,Bangalore
1576,2026-04-08 10:19:12,api,dev_369,user_30,logout,813,success,Delhi
1577,2026-04-08 10:19:14,web,dev_277,user_51,login,92,failed,Delhi
1578,2026-04-08 10:19:16,api,dev_449,user_88,click,855,success,Chennai
1579,2026-04-08 10:19:18,mobile,dev_147,user_72,click,739,success,Delhi
1580,2026-04-08 10:19:20,mobile,dev_835,user_45,logout,205,failed,Bangalore
1581,2026-04-08 10:19:22,mobile,dev_155,user_55,logout,779,failed,Mumbai
1582,2026-04-08 10:19:24,web,dev_446,user_44,login,956,failed,Chennai
1583,2026-04-08 10:19:26,mobile,dev_871,user_72,logout,128,success,Bangalore
1584,2026-04-08 10:19:28,mobile,dev_921,user_63,logout,116,success,Bangalore
1585,2026-04-08 10:19:30,api,dev_978,user_77,purchase,336,failed,Delhi
1586,2026-04-08 10:19:32,api,dev_780,user_16,click,32,success,Hyderabad
1587,2026-04-08 10:19:34,web,dev_895,user_81,logout,561,success,Bangalore
1588,2026-04-08 10:19:36,mobile,dev_259,user_18,login,150,failed,Delhi
1589,2026-04-08 10:19:38,api,dev_730,user_40,logout,716,failed,Chennai
1590,2026-04-08 10:19:40,mobile,dev_975,user_38,purchase,66,success,Bangalore
1591,2026-04-08 10:19:42,api,dev_643,user_66,logout,872,failed,Mumbai
1592,2026-04-08 10:19:44,api,dev_455,user_70,purchase,716,failed,Bangalore
1593,2026-04-08 10:19:46,web,dev_382,user_55,logout,326,success,Bangalore
1594,2026-04-08 10:19:48,web,dev_574,user_26,login,698,success,Hyderabad
1595,2026-04-08 10:19:50,web,dev_614,user_30,logout,573,success,Chennai
1596,2026-04-08 10:19:52,web,dev_344,user_71,login,800,failed,Chennai
1597,2026-04-08 10:19:54,web,dev_812,user_58,logout,288,success,Hyderabad
1598,2026-04-08 10:19:56,mobile,dev_558,user_60,login,89,failed,Mumbai
1599,2026-04-08 10:19:58,web,dev_199,user_78,purchase,139,failed,Delhi
1600,2026-04-08 10:20:00,web,dev_496,user_100,logout,748,failed,Hyderabad
1601,2026-04-08 10:20:02,api,dev_384,user_96,logout,553,failed,Delhi
1602,2026-04-08 10:20:04,mobile,dev_789,user_34,login,957,failed,Hyderabad
1603,2026-04-08 10:20:06,web,dev_863,user_73,purchase,61,failed,Chennai
1604,2026-04-08 10:20:08,api,dev_219,user_77,purchase,116,success,Chennai
1605,2026-04-08 10:20:10,api,dev_690,user_66,login,264,failed,Mumbai
1606,2026-04-08 10:20:12,mobile,dev_723,user_26,login,88,failed,Chennai
1607,2026-04-08 10:20:14,api,dev_669,user_26,logout,532,success,Bangalore
1608,2026-04-08 10:20:16,api,dev_172,user_40,purchase,419,failed,Bangalore
1609,2026-04-08 10:20:18,mobile,dev_432,user_80,purchase,653,success,Delhi
1610,2026-04-08 10:20:20,web,dev_407,user_16,click,505,success,Hyderabad
1611,2026-04-08 10:20:22,mobile,dev_549,user_1,logout,248,failed,Bangalore
1612,2026-04-08 10:20:24,api,dev_204,user_75,logout,309,failed,Delhi
1613,2026-04-08 10:20:26,web,dev_706,user_23,logout,229,success,Chennai
1614,2026-04-08 10:20:28,web,dev_429,user_28,click,779,success,Bangalore
1615,2026-04-08 10:20:30,mobile,dev_311,user_87,purchase,564,success,Bangalore
1616,2026-04-08 10:20:32,mobile,dev_425,user_15,login,407,failed,Chennai
1617,2026-04-08 10:20:34,mobile,dev_246,user_82,login,126,success,Bangalore
1618,2026-04-08 10:20:36,mobile,dev_718,user_99,logout,794,failed,Delhi
1619,2026-04-08 10:20:38,web,dev_283,user_75,purchase,263,failed,Delhi
1620,2026-04-08 10:20:40,web,dev_930,user_82,logout,33,success,Bangalore
1621,2026-04-08 10:20:42,mobile,dev_741,user_69,logout,387,failed,Hyderabad
1622,2026-04-08 10:20:44,api,dev_787,user_62,logout,597,success,Bangalore
1623,2026-04-08 10:20:46,mobile,dev_630,user_49,logout,438,failed,Bangalore
1624,2026-04-08 10:20:48,web,dev_594,user_30,purchase,571,failed,Mumbai
1625,2026-04-08 10:20:50,api,dev_768,user_80,purchase,488,failed,Bangalore
1626,2026-04-08 10:20:52,web,dev_183,user_92,login,234,success,Hyderabad
1627,2026-04-08 10:20:54,mobile,dev_430,user_1,logout,535,success,Mumbai
1628,2026-04-08 10:20:56,web,dev_574,user_93,logout,132,failed,Delhi
1629,2026-04-08 10:20:58,web,dev_164,user_69,logout,446,success,Chennai
1630,2026-04-08 10:21:00,mobile,dev_988,user_20,logout,855,failed,Hyderabad
1631,2026-04-08 10:21:02,mobile,dev_891,user_24,logout,519,success,Bangalore
1632,2026-04-08 10:21:04,web,dev_831,user_91,login,242,success,Hyderabad
1633,2026-04-08 10:21:06,mobile,dev_752,user_36,purchase,22,success,Chennai
1634,2026-04-08 10:21:08,mobile,dev_701,user_63,purchase,75,success,Bangalore
1635,2026-04-08 10:21:10,api,dev_717,user_65,click,457,success,Mumbai
1636,2026-04-08 10:21:12,api,dev_334,user_95,click,120,success,Hyderabad
1637,2026-04-08 10:21:14,api,dev_702,user_88,login,854,success,Chennai
1638,2026-04-08 10:21:16,api,dev_165,user_24,purchase,73,failed,Mumbai
1639,2026-04-08 10:21:18,mobile,dev_427,user_15,click,277,success,Bangalore
1640,2026-04-08 10:21:20,mobile,dev_829,user_26,click,38,failed,Bangalore
1641,2026-04-08 10:21:22,web,dev_362,user_59,logout,986,failed,Bangalore
1642,2026-04-08 10:21:24,web,dev_116,user_29,click,431,success,Chennai
1643,2026-04-08 10:21:26,web,dev_736,user_100,logout,876,success,Mumbai
1644,2026-04-08 10:21:28,api,dev_392,user_96,logout,780,failed,Mumbai
1645,2026-04-08 10:21:30,api,dev_564,user_57,click,358,failed,Bangalore
1646,2026-04-08 10:21:32,api,dev_510,user_99,logout,384,success,Hyderabad
1647,2026-04-08 10:21:34,web,dev_311,user_61,logout,797,success,Mumbai
1648,2026-04-08 10:21:36,api,dev_488,user_92,login,596,success,Delhi
1649,2026-04-08 10:21:38,web,dev_727,user_49,click,443,failed,Delhi
1650,2026-04-08 10:21:40,mobile,dev_576,user_25,logout,736,failed,Mumbai
1651,2026-04-08 10:21:42,api,dev_988,user_73,login,408,failed,Mumbai
1652,2026-04-08 10:21:44,api,dev_921,user_37,login,750,failed,Chennai
1653,2026-04-08 10:21:46,mobile,dev_753,user_52,login,205,failed,Hyderabad
1654,2026-04-08 10:21:48,api,dev_466,user_98,login,424,success,Delhi
1655,2026-04-08 10:21:50,api,dev_118,user_62,login,541,success,Hyderabad
1656,2026-04-08 10:21:52,mobile,dev_707,user_15,login,672,failed,Hyderabad
1657,2026-04-08 10:21:54,api,dev_545,user_15,purchase,274,failed,Bangalore
1658,2026-04-08 10:21:56,mobile,dev_423,user_37,login,160,failed,Mumbai
1659,2026-04-08 10:21:58,web,dev_184,user_60,click,378,success,Mumbai
1660,2026-04-08 10:22:00,mobile,dev_205,user_95,login,487,failed,Delhi
1661,2026-04-08 10:22:02,web,dev_366,user_16,purchase,864,success,Bangalore
1662,2026-04-08 10:22:04,mobile,dev_150,user_24,click,287,failed,Mumbai
1663,2026-04-08 10:22:06,mobile,dev_119,user_95,login,132,success,Hyderabad
1664,2026-04-08 10:22:08,api,dev_864,user_61,click,497,success,Hyderabad
1665,2026-04-08 10:22:10,web,dev_927,user_73,login,393,failed,Delhi
1666,2026-04-08 10:22:12,web,dev_543,user_60,login,294,success,Hyderabad
1667,2026-04-08 10:22:14,mobile,dev_919,user_22,click,481,failed,Hyderabad
1668,2026-04-08 10:22:16,mobile,dev_602,user_83,login,424,failed,Chennai
1669,2026-04-08 10:22:18,api,dev_575,user_72,purchase,634,success,Chennai
1670,2026-04-08 10:22:20,web,dev_933,user_85,logout,847,failed,Mumbai
1671,2026-04-08 10:22:22,api,dev_650,user_95,logout,288,success,Chennai
1672,2026-04-08 10:22:24,api,dev_322,user_99,purchase,530,success,Chennai
1673,2026-04-08 10:22:26,web,dev_679,user_5,logout,544,success,Mumbai
1674,2026-04-08 10:22:28,mobile,dev_190,user_50,login,134,success,Mumbai
1675,2026-04-08 10:22:30,mobile,dev_561,user_9,purchase,405,failed,Chennai
1676,2026-04-08 10:22:32,web,dev_698,user_77,click,259,success,Bangalore
1677,2026-04-08 10:22:34,api,dev_825,user_59,click,292,failed,Bangalore
1678,2026-04-08 10:22:36,web,dev_144,user_12,logout,301,success,Mumbai
1679,2026-04-08 10:22:38,web,dev_864,user_7,purchase,461,success,Bangalore
1680,2026-04-08 10:22:40,web,dev_198,user_52,login,571,success,Mumbai
1681,2026-04-08 10:22:42,mobile,dev_526,user_98,login,680,failed,Chennai
1682,2026-04-08 10:22:44,web,dev_974,user_3,purchase,584,failed,Hyderabad
1683,2026-04-08 10:22:46,mobile,dev_291,user_43,logout,780,success,Hyderabad
1684,2026-04-08 10:22:48,web,dev_914,user_80,logout,730,success,Delhi
1685,2026-04-08 10:22:50,mobile,dev_442,user_94,login,11,failed,Delhi
1686,2026-04-08 10:22:52,mobile,dev_386,user_76,login,434,failed,Mumbai
1687,2026-04-08 10:22:54,api,dev_304,user_97,login,459,failed,Bangalore
1688,2026-04-08 10:22:56,mobile,dev_774,user_80,logout,830,success,Mumbai
1689,2026-04-08 10:22:58,mobile,dev_237,user_46,click,18,failed,Hyderabad
1690,2026-04-08 10:23:00,mobile,dev_895,user_53,click,762,failed,Mumbai
1691,2026-04-08 10:23:02,api,dev_317,user_75,login,93,failed,Bangalore
1692,2026-04-08 10:23:04,api,dev_468,user_97,purchase,302,success,Hyderabad
1693,2026-04-08 10:23:06,web,dev_531,user_74,logout,667,success,Mumbai
1694,2026-04-08 10:23:08,api,dev_991,user_84,purchase,567,failed,Hyderabad
1695,2026-04-08 10:23:10,api,dev_295,user_95,click,49,failed,Mumbai
1696,2026-04-08 10:23:12,api,dev_672,user_98,purchase,530,success,Delhi
1697,2026-04-08 10:23:14,web,dev_634,user_37,purchase,774,success,Mumbai
1698,2026-04-08 10:23:16,api,dev_389,user_19,click,545,success,Chennai
1699,2026-04-08 10:23:18,api,dev_156,user_78,login,36,success,Mumbai
1700,2026-04-08 10:23:20,api,dev_465,user_49,logout,317,failed,Hyderabad
1701,2026-04-08 10:23:22,web,dev_930,user_89,logout,585,success,Delhi
1702,2026-04-08 10:23:24,mobile,dev_199,user_53,purchase,233,success,Bangalore
1703,2026-04-08 10:23:26,web,dev_634,user_42,click,172,success,Chennai
1704,2026-04-08 10:23:28,mobile,dev_899,user_17,login,563,failed,Hyderabad
1705,2026-04-08 10:23:30,api,dev_677,user_43,logout,617,failed,Bangalore
1706,2026-04-08 10:23:32,web,dev_445,user_32,purchase,495,success,Mumbai
1707,2026-04-08 10:23:34,mobile,dev_674,user_74,login,721,failed,Mumbai
1708,2026-04-08 10:23:36,mobile,dev_607,user_24,login,423,failed,Delhi
1709,2026-04-08 10:23:38,api,dev_809,user_74,purchase,752,success,Mumbai
1710,2026-04-08 10:23:40,mobile,dev_884,user_15,click,781,success,Delhi
1711,2026-04-08 10:23:42,mobile,dev_280,user_90,click,807,success,Delhi
1712,2026-04-08 10:23:44,web,dev_572,user_35,login,142,failed,Hyderabad
1713,2026-04-08 10:23:46,mobile,dev_482,user_68,click,770,success,Chennai
1714,2026-04-08 10:23:48,api,dev_620,user_28,login,584,success,Mumbai
1715,2026-04-08 10:23:50,api,dev_252,user_37,login,759,success,Chennai
1716,2026-04-08 10:23:52,web,dev_437,user_80,logout,838,failed,Mumbai
1717,2026-04-08 10:23:54,mobile,dev_895,user_18,purchase,151,success,Mumbai
1718,2026-04-08 10:23:56,api,dev_795,user_17,logout,993,failed,Chennai
1719,2026-04-08 10:23:58,web,dev_950,user_31,login,711,failed,Mumbai
1720,2026-04-08 10:24:00,api,dev_113,user_46,logout,161,failed,Bangalore
1721,2026-04-08 10:24:02,mobile,dev_503,user_52,login,851,failed,Mumbai
1722,2026-04-08 10:24:04,api,dev_118,user_87,login,564,success,Bangalore
1723,2026-04-08 10:24:06,mobile,dev_220,user_69,logout,436,success,Delhi
1724,2026-04-08 10:24:08,web,dev_494,user_48,login,88,success,Bangalore
1725,2026-04-08 10:24:10,web,dev_806,user_36,click,229,failed,Mumbai
1726,2026-04-08 10:24:12,mobile,dev_605,user_30,purchase,92,success,Hyderabad
1727,2026-04-08 10:24:14,api,dev_904,user_73,login,871,failed,Chennai
1728,2026-04-08 10:24:16,web,dev_533,user_2,click,616,success,Bangalore
1729,2026-04-08 10:24:18,web,dev_256,user_42,click,300,failed,Bangalore
1730,2026-04-08 10:24:20,web,dev_582,user_11,click,892,success,Hyderabad
1731,2026-04-08 10:24:22,api,dev_809,user_12,purchase,154,failed,Mumbai
1732,2026-04-08 10:24:24,api,dev_560,user_21,purchase,725,failed,Chennai
1733,2026-04-08 10:24:26,mobile,dev_488,user_9,click,340,success,Chennai
1734,2026-04-08 10:24:28,web,dev_373,user_64,click,942,success,Bangalore
1735,2026-04-08 10:24:30,mobile,dev_975,user_3,logout,695,failed,Hyderabad
1736,2026-04-08 10:24:32,web,dev_673,user_72,login,502,success,Hyderabad
1737,2026-04-08 10:24:34,mobile,dev_958,user_89,click,405,success,Mumbai
1738,2026-04-08 10:24:36,web,dev_569,user_39,logout,812,success,Chennai
1739,2026-04-08 10:24:38,web,dev_980,user_33,logout,724,success,Chennai
1740,2026-04-08 10:24:40,web,dev_525,user_5,login,429,success,Hyderabad
1741,2026-04-08 10:24:42,mobile,dev_518,user_8,login,755,success,Delhi
1742,2026-04-08 10:24:44,web,dev_985,user_95,purchase,369,success,Hyderabad
1743,2026-04-08 10:24:46,mobile,dev_750,user_28,login,411,success,Bangalore
1744,2026-04-08 10:24:48,api,dev_420,user_72,login,861,success,Hyderabad
1745,2026-04-08 10:24:50,api,dev_919,user_22,logout,669,failed,Chennai
1746,2026-04-08 10:24:52,mobile,dev_517,user_52,logout,592,failed,Chennai
1747,2026-04-08 10:24:54,mobile,dev_383,user_84,purchase,485,failed,Chennai
1748,2026-04-08 10:24:56,api,dev_646,user_22,click,920,success,Bangalore
1749,2026-04-08 10:24:58,api,dev_926,user_84,logout,9,failed,Chennai
1750,2026-04-08 10:25:00,api,dev_137,user_66,purchase,521,failed,Mumbai
1751,2026-04-08 10:25:02,mobile,dev_496,user_4,purchase,850,success,Bangalore
1752,2026-04-08 10:25:04,web,dev_493,user_20,purchase,612,success,Chennai
1753,2026-04-08 10:25:06,mobile,dev_717,user_81,logout,117,failed,Chennai
1754,2026-04-08 10:25:08,mobile,dev_814,user_92,click,934,failed,Bangalore
1755,2026-04-08 10:25:10,web,dev_813,user_76,logout,119,failed,Bangalore
1756,2026-04-08 10:25:12,web,dev_874,user_98,purchase,330,failed,Hyderabad
1757,2026-04-08 10:25:14,mobile,dev_919,user_76,purchase,27,success,Bangalore
1758,2026-04-08 10:25:16,mobile,dev_663,user_67,login,713,failed,Mumbai
1759,2026-04-08 10:25:18,api,dev_543,user_7,purchase,731,success,Hyderabad
1760,2026-04-08 10:25:20,mobile,dev_122,user_95,logout,473,success,Mumbai
1761,2026-04-08 10:25:22,api,dev_285,user_35,login,334,failed,Delhi
1762,2026-04-08 10:25:24,mobile,dev_468,user_87,login,257,success,Delhi
1763,2026-04-08 10:25:26,api,dev_118,user_71,click,48,failed,Hyderabad
1764,2026-04-08 10:25:28,api,dev_974,user_61,login,938,success,Chennai
1765,2026-04-08 10:25:30,web,dev_143,user_98,logout,677,failed,Bangalore
1766,2026-04-08 10:25:32,api,dev_237,user_95,click,215,failed,Mumbai
1767,2026-04-08 10:25:34,web,dev_759,user_64,logout,532,success,Hyderabad
1768,2026-04-08 10:25:36,web,dev_657,user_36,purchase,816,success,Bangalore
1769,2026-04-08 10:25:38,api,dev_768,user_16,purchase,611,failed,Bangalore
1770,2026-04-08 10:25:40,web,dev_972,user_96,login,740,failed,Delhi
1771,2026-04-08 10:25:42,mobile,dev_833,user_57,login,45,failed,Chennai
1772,2026-04-08 10:25:44,api,dev_779,user_52,click,858,success,Delhi
1773,2026-04-08 10:25:46,api,dev_507,user_14,click,236,success,Bangalore
1774,2026-04-08 10:25:48,web,dev_199,user_23,login,1000,failed,Hyderabad
1775,2026-04-08 10:25:50,api,dev_420,user_2,logout,774,success,Bangalore
1776,2026-04-08 10:25:52,web,dev_585,user_4,purchase,987,success,Delhi
1777,2026-04-08 10:25:54,api,dev_988,user_36,purchase,204,success,Bangalore
1778,2026-04-08 10:25:56,api,dev_635,user_61,login,179,success,Bangalore
1779,2026-04-08 10:25:58,api,dev_120,user_96,click,864,success,Delhi
1780,2026-04-08 10:26:00,web,dev_580,user_99,click,487,failed,Chennai
1781,2026-04-08 10:26:02,api,dev_305,user_77,login,659,success,Delhi
1782,2026-04-08 10:26:04,web,dev_228,user_32,purchase,308,failed,Chennai
1783,2026-04-08 10:26:06,mobile,dev_588,user_34,purchase,42,failed,Delhi
1784,2026-04-08 10:26:08,web,dev_474,user_40,purchase,502,failed,Delhi
1785,2026-04-08 10:26:10,mobile,dev_191,user_59,purchase,775,success,Bangalore
1786,2026-04-08 10:26:12,mobile,dev_637,user_67,logout,421,failed,Chennai
1787,2026-04-08 10:26:14,api,dev_253,user_10,purchase,183,success,Delhi
1788,2026-04-08 10:26:16,web,dev_305,user_43,purchase,944,failed,Hyderabad
1789,2026-04-08 10:26:18,web,dev_454,user_34,purchase,382,success,Mumbai
1790,2026-04-08 10:26:20,mobile,dev_696,user_9,click,782,success,Delhi
1791,2026-04-08 10:26:22,mobile,dev_279,user_98,login,301,success,Mumbai
1792,2026-04-08 10:26:24,web,dev_772,user_24,click,546,success,Delhi
1793,2026-04-08 10:26:26,mobile,dev_899,user_44,click,343,success,Chennai
1794,2026-04-08 10:26:28,api,dev_782,user_89,purchase,250,success,Delhi
1795,2026-04-08 10:26:30,api,dev_289,user_43,click,97,success,Bangalore
1796,2026-04-08 10:26:32,mobile,dev_816,user_65,login,671,success,Bangalore
1797,2026-04-08 10:26:34,mobile,dev_835,user_62,login,84,failed,Hyderabad
1798,2026-04-08 10:26:36,mobile,dev_853,user_25,logout,279,success,Delhi
1799,2026-04-08 10:26:38,mobile,dev_417,user_74,purchase,171,success,Chennai
1800,2026-04-08 10:26:40,mobile,dev_121,user_56,logout,386,failed,Mumbai
1801,2026-04-08 10:26:42,mobile,dev_414,user_26,login,478,failed,Chennai
1802,2026-04-08 10:26:44,web,dev_499,user_97,purchase,522,success,Mumbai
1803,2026-04-08 10:26:46,web,dev_766,user_21,click,339,failed,Bangalore
1804,2026-04-08 10:26:48,web,dev_454,user_2,login,113,success,Chennai
1805,2026-04-08 10:26:50,api,dev_749,user_18,login,38,success,Bangalore
1806,2026-04-08 10:26:52,web,dev_903,user_4,logout,889,failed,Mumbai
1807,2026-04-08 10:26:54,web,dev_778,user_67,purchase,121,success,Bangalore
1808,2026-04-08 10:26:56,api,dev_360,user_30,purchase,726,failed,Delhi
1809,2026-04-08 10:26:58,web,dev_412,user_29,login,923,success,Delhi
1810,2026-04-08 10:27:00,web,dev_451,user_100,logout,930,success,Chennai
1811,2026-04-08 10:27:02,mobile,dev_557,user_85,click,892,failed,Bangalore
1812,2026-04-08 10:27:04,mobile,dev_892,user_57,click,679,failed,Delhi
1813,2026-04-08 10:27:06,mobile,dev_253,user_25,logout,28,failed,Chennai
1814,2026-04-08 10:27:08,api,dev_229,user_77,purchase,891,failed,Mumbai
1815,2026-04-08 10:27:10,web,dev_593,user_55,click,305,success,Hyderabad
1816,2026-04-08 10:27:12,web,dev_213,user_67,logout,29,failed,Mumbai
1817,2026-04-08 10:27:14,api,dev_715,user_86,purchase,275,failed,Delhi
1818,2026-04-08 10:27:16,web,dev_400,user_56,click,485,failed,Hyderabad
1819,2026-04-08 10:27:18,api,dev_436,user_40,purchase,849,success,Chennai
1820,2026-04-08 10:27:20,mobile,dev_950,user_40,purchase,529,success,Mumbai
1821,2026-04-08 10:27:22,web,dev_848,user_67,purchase,850,failed,Hyderabad
1822,2026-04-08 10:27:24,mobile,dev_672,user_12,login,408,success,Mumbai
1823,2026-04-08 10:27:26,api,dev_838,user_19,login,478,success,Mumbai
1824,2026-04-08 10:27:28,mobile,dev_805,user_18,login,213,success,Hyderabad
1825,2026-04-08 10:27:30,mobile,dev_953,user_11,logout,311,success,Chennai
1826,2026-04-08 10:27:32,mobile,dev_762,user_55,logout,14,success,Delhi
1827,2026-04-08 10:27:34,api,dev_175,user_31,login,290,success,Bangalore
1828,2026-04-08 10:27:36,api,dev_104,user_31,click,461,failed,Delhi
1829,2026-04-08 10:27:38,web,dev_338,user_37,login,325,failed,Mumbai
1830,2026-04-08 10:27:40,mobile,dev_859,user_95,logout,431,success,Bangalore
1831,2026-04-08 10:27:42,mobile,dev_119,user_57,click,416,success,Delhi
1832,2026-04-08 10:27:44,api,dev_592,user_51,login,449,failed,Mumbai
1833,2026-04-08 10:27:46,api,dev_670,user_32,click,999,success,Chennai
1834,2026-04-08 10:27:48,mobile,dev_403,user_36,purchase,334,success,Chennai
1835,2026-04-08 10:27:50,web,dev_538,user_63,logout,906,success,Hyderabad
1836,2026-04-08 10:27:52,web,dev_742,user_6,logout,839,failed,Delhi
1837,2026-04-08 10:27:54,web,dev_854,user_56,logout,444,success,Bangalore
1838,2026-04-08 10:27:56,api,dev_150,user_17,click,875,success,Mumbai
1839,2026-04-08 10:27:58,web,dev_780,user_2,logout,599,failed,Bangalore
1840,2026-04-08 10:28:00,web,dev_561,user_8,logout,484,success,Chennai
1841,2026-04-08 10:28:02,web,dev_535,user_47,logout,990,failed,Chennai
1842,2026-04-08 10:28:04,api,dev_222,user_96,logout,480,failed,Chennai
1843,2026-04-08 10:28:06,mobile,dev_659,user_68,login,79,success,Bangalore
1844,2026-04-08 10:28:08,api,dev_739,user_4,login,366,failed,Delhi
1845,2026-04-08 10:28:10,api,dev_746,user_89,click,762,success,Mumbai
1846,2026-04-08 10:28:12,mobile,dev_553,user_87,login,359,failed,Bangalore
1847,2026-04-08 10:28:14,api,dev_771,user_100,login,826,failed,Delhi
1848,2026-04-08 10:28:16,mobile,dev_510,user_4,click,139,success,Bangalore
1849,2026-04-08 10:28:18,mobile,dev_561,user_14,login,170,success,Delhi
1850,2026-04-08 10:28:20,web,dev_267,user_64,login,959,failed,Hyderabad
1851,2026-04-08 10:28:22,mobile,dev_382,user_62,click,591,failed,Hyderabad
1852,2026-04-08 10:28:24,web,dev_412,user_51,login,534,failed,Chennai
1853,2026-04-08 10:28:26,api,dev_768,user_93,logout,689,success,Bangalore
1854,2026-04-08 10:28:28,api,dev_898,user_44,purchase,72,failed,Chennai
1855,2026-04-08 10:28:30,web,dev_182,user_30,logout,457,success,Chennai
1856,2026-04-08 10:28:32,mobile,dev_158,user_94,click,753,success,Chennai
1857,2026-04-08 10:28:34,mobile,dev_433,user_47,login,27,success,Delhi
1858,2026-04-08 10:28:36,api,dev_606,user_39,purchase,121,failed,Chennai
1859,2026-04-08 10:28:38,mobile,dev_505,user_41,purchase,667,success,Delhi
1860,2026-04-08 10:28:40,api,dev_143,user_62,logout,853,success,Hyderabad
1861,2026-04-08 10:28:42,web,dev_514,user_37,purchase,609,failed,Delhi
1862,2026-04-08 10:28:44,mobile,dev_425,user_86,login,140,failed,Delhi
1863,2026-04-08 10:28:46,web,dev_659,user_84,click,701,failed,Chennai
1864,2026-04-08 10:28:48,api,dev_603,user_78,login,776,success,Bangalore
1865,2026-04-08 10:28:50,api,dev_581,user_39,purchase,939,success,Mumbai
1866,2026-04-08 10:28:52,api,dev_841,user_63,purchase,73,failed,Delhi
1867,2026-04-08 10:28:54,api,dev_546,user_17,purchase,583,failed,Bangalore
1868,2026-04-08 10:28:56,api,dev_108,user_96,click,93,success,Delhi
1869,2026-04-08 10:28:58,web,dev_943,user_4,purchase,133,success,Delhi
1870,2026-04-08 10:29:00,api,dev_997,user_8,purchase,619,failed,Mumbai
1871,2026-04-08 10:29:02,api,dev_582,user_21,click,218,success,Mumbai
1872,2026-04-08 10:29:04,web,dev_213,user_46,click,551,success,Mumbai
1873,2026-04-08 10:29:06,mobile,dev_882,user_60,click,169,success,Bangalore
1874,2026-04-08 10:29:08,mobile,dev_330,user_86,login,474,success,Hyderabad
1875,2026-04-08 10:29:10,web,dev_486,user_57,purchase,986,success,Bangalore
1876,2026-04-08 10:29:12,api,dev_990,user_96,login,145,failed,Chennai
1877,2026-04-08 10:29:14,api,dev_154,user_80,purchase,63,success,Bangalore
1878,2026-04-08 10:29:16,web,dev_681,user_43,logout,908,failed,Hyderabad
1879,2026-04-08 10:29:18,api,dev_292,user_88,logout,928,failed,Mumbai
1880,2026-04-08 10:29:20,web,dev_839,user_64,purchase,60,success,Chennai
1881,2026-04-08 10:29:22,web,dev_364,user_39,purchase,814,success,Bangalore
1882,2026-04-08 10:29:24,mobile,dev_805,user_30,logout,360,failed,Chennai
1883,2026-04-08 10:29:26,mobile,dev_336,user_76,click,683,failed,Mumbai
1884,2026-04-08 10:29:28,mobile,dev_162,user_5,click,919,success,Mumbai
1885,2026-04-08 10:29:30,mobile,dev_339,user_66,login,432,failed,Bangalore
1886,2026-04-08 10:29:32,web,dev_739,user_54,click,338,failed,Mumbai
1887,2026-04-08 10:29:34,mobile,dev_258,user_56,login,497,success,Chennai
1888,2026-04-08 10:29:36,web,dev_932,user_58,purchase,355,failed,Delhi
1889,2026-04-08 10:29:38,mobile,dev_630,user_32,click,209,success,Chennai
1890,2026-04-08 10:29:40,mobile,dev_789,user_5,logout,266,failed,Chennai
1891,2026-04-08 10:29:42,mobile,dev_819,user_76,purchase,558,success,Bangalore
1892,2026-04-08 10:29:44,mobile,dev_194,user_29,click,995,success,Mumbai
1893,2026-04-08 10:29:46,api,dev_945,user_89,click,340,success,Mumbai
1894,2026-04-08 10:29:48,mobile,dev_887,user_18,click,849,failed,Bangalore
1895,2026-04-08 10:29:50,web,dev_628,user_17,purchase,964,failed,Hyderabad
1896,2026-04-08 10:29:52,api,dev_571,user_71,logout,703,failed,Delhi
1897,2026-04-08 10:29:54,api,dev_253,user_60,logout,433,failed,Chennai
1898,2026-04-08 10:29:56,web,dev_454,user_53,logout,941,failed,Chennai
1899,2026-04-08 10:29:58,api,dev_269,user_95,login,533,failed,Mumbai
1900,2026-04-08 10:30:00,api,dev_714,user_50,purchase,143,success,Hyderabad
1901,2026-04-08 10:30:02,api,dev_724,user_36,login,657,success,Delhi
1902,2026-04-08 10:30:04,web,dev_458,user_27,login,502,success,Bangalore
1903,2026-04-08 10:30:06,mobile,dev_852,user_99,logout,148,failed,Hyderabad
1904,2026-04-08 10:30:08,web,dev_807,user_10,purchase,409,success,Mumbai
1905,2026-04-08 10:30:10,mobile,dev_288,user_27,purchase,267,success,Chennai
1906,2026-04-08 10:30:12,api,dev_336,user_28,purchase,230,success,Delhi
1907,2026-04-08 10:30:14,api,dev_325,user_12,purchase,378,failed,Delhi
1908,2026-04-08 10:30:16,mobile,dev_738,user_88,click,868,success,Mumbai
1909,2026-04-08 10:30:18,web,dev_580,user_40,logout,766,success,Chennai
1910,2026-04-08 10:30:20,web,dev_180,user_50,click,300,failed,Mumbai
1911,2026-04-08 10:30:22,web,dev_497,user_91,click,320,failed,Mumbai
1912,2026-04-08 10:30:24,api,dev_322,user_82,click,797,failed,Bangalore
1913,2026-04-08 10:30:26,web,dev_670,user_82,purchase,286,success,Chennai
1914,2026-04-08 10:30:28,mobile,dev_488,user_92,login,919,failed,Hyderabad
1915,2026-04-08 10:30:30,mobile,dev_371,user_30,click,983,success,Delhi
1916,2026-04-08 10:30:32,web,dev_731,user_7,logout,729,success,Hyderabad
1917,2026-04-08 10:30:34,web,dev_740,user_58,click,715,success,Hyderabad
1918,2026-04-08 10:30:36,api,dev_629,user_92,login,618,failed,Mumbai
1919,2026-04-08 10:30:38,mobile,dev_641,user_12,login,130,success,Delhi
1920,2026-04-08 10:30:40,mobile,dev_519,user_85,click,756,success,Hyderabad
1921,2026-04-08 10:30:42,web,dev_151,user_75,logout,942,success,Bangalore
1922,2026-04-08 10:30:44,api,dev_643,user_21,login,572,failed,Mumbai
1923,2026-04-08 10:30:46,web,dev_159,user_9,click,767,failed,Delhi
1924,2026-04-08 10:30:48,api,dev_363,user_89,logout,220,success,Chennai
1925,2026-04-08 10:30:50,api,dev_425,user_68,logout,338,failed,Mumbai
1926,2026-04-08 10:30:52,api,dev_145,user_99,login,858,failed,Bangalore
1927,2026-04-08 10:30:54,web,dev_523,user_64,purchase,130,success,Delhi
1928,2026-04-08 10:30:56,web,dev_498,user_73,login,564,success,Mumbai
1929,2026-04-08 10:30:58,mobile,dev_239,user_88,click,31,failed,Delhi
1930,2026-04-08 10:31:00,mobile,dev_839,user_25,purchase,218,failed,Mumbai
1931,2026-04-08 10:31:02,api,dev_323,user_44,logout,581,success,Bangalore
1932,2026-04-08 10:31:04,web,dev_208,user_40,click,24,failed,Delhi
1933,2026-04-08 10:31:06,api,dev_260,user_39,click,357,success,Chennai
1934,2026-04-08 10:31:08,web,dev_960,user_13,click,372,success,Hyderabad
1935,2026-04-08 10:31:10,web,dev_145,user_12,login,881,success,Mumbai
1936,2026-04-08 10:31:12,mobile,dev_735,user_37,login,404,failed,Hyderabad
1937,2026-04-08 10:31:14,api,dev_255,user_100,purchase,691,success,Bangalore
1938,2026-04-08 10:31:16,mobile,dev_352,user_100,logout,743,failed,Chennai
1939,2026-04-08 10:31:18,mobile,dev_937,user_98,purchase,966,failed,Bangalore
1940,2026-04-08 10:31:20,api,dev_233,user_38,purchase,315,success,Mumbai
1941,2026-04-08 10:31:22,mobile,dev_533,user_5,purchase,202,success,Delhi
1942,2026-04-08 10:31:24,mobile,dev_755,user_89,click,562,failed,Delhi
1943,2026-04-08 10:31:26,api,dev_340,user_52,purchase,249,failed,Hyderabad
1944,2026-04-08 10:31:28,mobile,dev_594,user_57,login,155,success,Bangalore
1945,2026-04-08 10:31:30,mobile,dev_313,user_10,logout,575,failed,Mumbai
1946,2026-04-08 10:31:32,mobile,dev_671,user_19,login,42,failed,Chennai
1947,2026-04-08 10:31:34,web,dev_290,user_31,purchase,996,failed,Hyderabad
1948,2026-04-08 10:31:36,mobile,dev_399,user_87,login,968,success,Bangalore
1949,2026-04-08 10:31:38,mobile,dev_321,user_10,logout,453,success,Chennai
1950,2026-04-08 10:31:40,web,dev_690,user_99,login,790,failed,Chennai
1951,2026-04-08 10:31:42,api,dev_257,user_41,login,481,failed,Hyderabad
1952,2026-04-08 10:31:44,api,dev_284,user_52,logout,831,failed,Hyderabad
1953,2026-04-08 10:31:46,mobile,dev_872,user_98,logout,256,failed,Mumbai
1954,2026-04-08 10:31:48,web,dev_155,user_38,click,143,failed,Delhi
1955,2026-04-08 10:31:50,web,dev_248,user_4,logout,125,success,Chennai
1956,2026-04-08 10:31:52,web,dev_185,user_70,login,715,failed,Mumbai
1957,2026-04-08 10:31:54,api,dev_859,user_36,login,519,failed,Hyderabad
1958,2026-04-08 10:31:56,mobile,dev_267,user_4,click,940,failed,Hyderabad
1959,2026-04-08 10:31:58,web,dev_919,user_25,login,851,failed,Bangalore
1960,2026-04-08 10:32:00,api,dev_559,user_9,login,999,failed,Bangalore
1961,2026-04-08 10:32:02,web,dev_304,user_48,click,325,failed,Delhi
1962,2026-04-08 10:32:04,mobile,dev_649,user_92,logout,337,success,Bangalore
1963,2026-04-08 10:32:06,web,dev_317,user_28,login,991,failed,Mumbai
1964,2026-04-08 10:32:08,api,dev_712,user_64,purchase,601,success,Bangalore
1965,2026-04-08 10:32:10,web,dev_981,user_66,logout,12,failed,Chennai
1966,2026-04-08 10:32:12,api,dev_556,user_37,purchase,292,success,Hyderabad
1967,2026-04-08 10:32:14,mobile,dev_771,user_47,click,818,success,Chennai
1968,2026-04-08 10:32:16,mobile,dev_243,user_66,purchase,322,success,Chennai
1969,2026-04-08 10:32:18,api,dev_290,user_89,purchase,569,failed,Hyderabad
1970,2026-04-08 10:32:20,api,dev_741,user_84,click,764,success,Hyderabad
1971,2026-04-08 10:32:22,web,dev_645,user_100,purchase,8,success,Mumbai
1972,2026-04-08 10:32:24,api,dev_136,user_40,purchase,114,success,Chennai
1973,2026-04-08 10:32:26,web,dev_181,user_44,logout,136,success,Bangalore
1974,2026-04-08 10:32:28,web,dev_156,user_14,click,634,failed,Chennai
1975,2026-04-08 10:32:30,api,dev_908,user_81,login,226,failed,Delhi
1976,2026-04-08 10:32:32,mobile,dev_651,user_80,click,577,failed,Bangalore
1977,2026-04-08 10:32:34,web,dev_545,user_36,click,538,failed,Hyderabad
1978,2026-04-08 10:32:36,web,dev_476,user_67,purchase,187,failed,Bangalore
1979,2026-04-08 10:32:38,web,dev_528,user_62,logout,233,failed,Mumbai
1980,2026-04-08 10:32:40,web,dev_140,user_74,purchase,251,success,Chennai
1981,2026-04-08 10:32:42,web,dev_977,user_75,click,707,success,Chennai
1982,2026-04-08 10:32:44,web,dev_770,user_39,login,144,failed,Hyderabad
1983,2026-04-08 10:32:46,api,dev_952,user_61,click,393,success,Chennai
1984,2026-04-08 10:32:48,web,dev_266,user_82,logout,749,failed,Delhi
1985,2026-04-08 10:32:50,api,dev_586,user_4,logout,256,success,Delhi
1986,2026-04-08 10:32:52,web,dev_119,user_12,purchase,422,failed,Delhi
1987,2026-04-08 10:32:54,web,dev_321,user_59,purchase,154,success,Bangalore
1988,2026-04-08 10:32:56,mobile,dev_518,user_88,purchase,651,success,Mumbai
1989,2026-04-08 10:32:58,api,dev_444,user_40,login,773,success,Bangalore
1990,2026-04-08 10:33:00,mobile,dev_969,user_48,click,736,failed,Delhi
1991,2026-04-08 10:33:02,web,dev_331,user_69,purchase,974,success,Hyderabad
1992,2026-04-08 10:33:04,mobile,dev_475,user_28,purchase,523,success,Delhi
1993,2026-04-08 10:33:06,web,dev_609,user_44,purchase,109,success,Delhi
1994,2026-04-08 10:33:08,api,dev_252,user_5,login,923,success,Mumbai
1995,2026-04-08 10:33:10,mobile,dev_995,user_40,click,893,success,Hyderabad
1996,2026-04-08 10:33:12,web,dev_544,user_78,login,27,success,Hyderabad
1997,2026-04-08 10:33:14,web,dev_494,user_99,click,993,failed,Delhi
1998,2026-04-08 10:33:16,mobile,dev_583,user_63,logout,388,failed,Delhi
1999,2026-04-08 10:33:18,mobile,dev_497,user_84,login,57,success,Bangalore
